{
  "Total" : {
    "transaction" : "Total",
    "sampleCount" : 1506,
    "errorCount" : 11,
    "errorPct" : 0.7304117,
    "meanResTime" : 35771.555776892434,
    "medianResTime" : 40322.0,
    "minResTime" : 1081.0,
    "maxResTime" : 53554.0,
    "pct1ResTime" : 52059.3,
    "pct2ResTime" : 52328.0,
    "pct3ResTime" : 52884.0,
    "throughput" : 4.038692064479623,
    "receivedKBytesPerSec" : 6.259492920891517,
    "sentKBytesPerSec" : 1.6802009054876332
  },
  "HTTP Request" : {
    "transaction" : "HTTP Request",
    "sampleCount" : 1506,
    "errorCount" : 11,
    "errorPct" : 0.7304117,
    "meanResTime" : 35771.555776892434,
    "medianResTime" : 40322.0,
    "minResTime" : 1081.0,
    "maxResTime" : 53554.0,
    "pct1ResTime" : 52059.3,
    "pct2ResTime" : 52328.0,
    "pct3ResTime" : 52884.0,
    "throughput" : 4.038692064479623,
    "receivedKBytesPerSec" : 6.259492920891517,
    "sentKBytesPerSec" : 1.6802009054876332
  }
}